{
  "n_test": 785,
  "v0_embed_lr": {
    "apgr": 0.5527336539711426,
    "cpt_50": 0.4101910828025478,
    "cpt_80": 0.7401273885350318,
    "ece": 0.15363586917045008
  },
  "random": {
    "apgr": 0.5479760821526064,
    "cpt_50": 0.4394904458598726,
    "cpt_80": 0.7694267515923567,
    "ece": null
  },
  "length_heuristic": {
    "apgr": 0.5299441050305473,
    "cpt_50": 0.5171974522292994,
    "cpt_80": 0.7426751592356687,
    "ece": null
  },
  "anchors": {
    "always_strong_quality": 0.6560509554140127,
    "always_weak_quality": 0.34394904458598724
  }
}